x坐标 (m),y坐标 (m)
107.250 ,11.664 
105.360 ,23.191 
102.235 ,34.447 
97.911 ,45.299 
92.440 ,55.619 
85.884 ,65.288 
78.322 ,74.191 
69.841 ,82.224 
60.542 ,89.293 
50.533 ,95.315 
39.931 ,100.220 
28.862 ,103.950 
17.453 ,106.461 
5.841 ,107.724 
-5.841 ,107.724 
-17.453 ,106.461 
-28.862 ,103.950 
-39.931 ,100.220 
-50.533 ,95.315 
-60.542 ,89.293 
-69.841 ,82.224 
-78.322 ,74.191 
-85.884 ,65.288 
-92.440 ,55.619 
-97.911 ,45.299 
-102.235 ,34.447 
-105.360 ,23.191 
-107.250 ,11.664 
-107.882 ,0.000 
-107.250 ,-11.664 
-105.360 ,-23.191 
-102.235 ,-34.447 
-97.911 ,-45.299 
-92.440 ,-55.619 
-85.884 ,-65.288 
-78.322 ,-74.191 
-69.841 ,-82.224 
-60.542 ,-89.293 
-50.533 ,-95.315 
-39.931 ,-100.220 
-28.862 ,-103.950 
-17.453 ,-106.461 
-5.841 ,-107.724 
5.841 ,-107.724 
17.453 ,-106.461 
28.862 ,-103.950 
39.931 ,-100.220 
50.533 ,-95.315 
60.542 ,-89.293 
69.841 ,-82.224 
78.322 ,-74.191 
85.884 ,-65.288 
92.440 ,-55.619 
97.911 ,-45.299 
102.235 ,-34.447 
105.360 ,-23.191 
107.250 ,-11.664 
107.882 ,0.000 
121.217 ,6.050 
120.012 ,18.089 
117.615 ,29.948 
114.048 ,41.510 
109.348 ,52.659 
103.562 ,63.285 
96.746 ,73.282 
88.969 ,82.551 
80.307 ,90.999 
70.848 ,98.543 
60.684 ,105.107 
49.917 ,110.627 
38.654 ,115.048 
27.007 ,118.325 
15.091 ,120.426 
3.026 ,121.330 
-9.070 ,121.028 
-21.075 ,119.524 
-32.871 ,116.831 
-44.341 ,112.978 
-55.369 ,108.002 
-65.848 ,101.952 
-75.671 ,94.889 
-84.743 ,86.883 
-92.973 ,78.014 
-100.279 ,68.369 
-106.588 ,58.045 
-111.837 ,47.143 
-115.976 ,35.774 
-118.961 ,24.049 
-120.764 ,12.084 
-121.368 ,0.000 
-120.764 ,-12.084 
-118.961 ,-24.049 
-115.976 ,-35.774 
-111.837 ,-47.143 
-106.588 ,-58.045 
-100.279 ,-68.369 
-92.973 ,-78.014 
-84.743 ,-86.883 
-75.671 ,-94.889 
-65.848 ,-101.952 
-55.369 ,-108.002 
-44.341 ,-112.978 
-32.871 ,-116.831 
-21.075 ,-119.524 
-9.070 ,-121.028 
3.026 ,-121.330 
15.091 ,-120.426 
27.007 ,-118.325 
38.654 ,-115.048 
49.917 ,-110.627 
60.684 ,-105.107 
70.848 ,-98.543 
80.307 ,-90.999 
88.969 ,-82.551 
96.746 ,-73.282 
103.562 ,-63.285 
109.348 ,-52.659 
114.048 ,-41.510 
117.615 ,-29.948 
120.012 ,-18.089 
121.217 ,-6.050 
134.294 ,12.263 
132.623 ,24.424 
129.852 ,36.383 
126.006 ,48.040 
121.115 ,59.299 
115.221 ,70.067 
108.372 ,80.255 
100.625 ,89.777 
92.044 ,98.555 
82.701 ,106.517 
72.672 ,113.596 
62.041 ,119.734 
50.896 ,124.879 
39.329 ,128.990 
27.437 ,132.032 
15.317 ,133.980 
3.070 ,134.818 
-9.203 ,134.538 
-21.399 ,133.144 
-33.418 ,130.647 
-45.159 ,127.067 
-56.527 ,122.434 
-67.426 ,116.786 
-77.767 ,110.171 
-87.463 ,102.643 
-96.435 ,94.264 
-104.607 ,85.104 
-111.912 ,75.239 
-118.291 ,64.751 
-123.689 ,53.726 
-128.062 ,42.255 
-131.373 ,30.435 
-133.597 ,18.362 
-134.713 ,6.138 
-134.713 ,-6.138 
-133.597 ,-18.362 
-131.373 ,-30.435 
-128.062 ,-42.255 
-123.689 ,-53.726 
-118.291 ,-64.751 
-111.912 ,-75.239 
-104.607 ,-85.104 
-96.435 ,-94.264 
-87.463 ,-102.643 
-77.767 ,-110.171 
-67.426 ,-116.786 
-56.527 ,-122.434 
-45.159 ,-127.067 
-33.418 ,-130.647 
-21.399 ,-133.144 
-9.203 ,-134.538 
3.070 ,-134.818 
15.317 ,-133.980 
27.437 ,-132.032 
39.329 ,-128.990 
50.896 ,-124.879 
62.041 ,-119.734 
72.672 ,-113.596 
82.701 ,-106.517 
92.044 ,-98.555 
100.625 ,-89.777 
108.372 ,-80.255 
115.221 ,-70.067 
121.115 ,-59.299 
126.006 ,-48.040 
129.852 ,-36.383 
132.623 ,-24.424 
134.294 ,-12.263 
134.853 ,0.000 
148.218 ,5.973 
147.257 ,17.880 
145.340 ,29.671 
142.481 ,41.270 
138.699 ,52.601 
134.016 ,63.591 
128.465 ,74.169 
122.080 ,84.266 
114.903 ,93.816 
106.982 ,102.757 
98.366 ,111.033 
89.113 ,118.588 
79.282 ,125.374 
68.936 ,131.347 
58.144 ,136.468 
46.974 ,140.704 
35.500 ,144.028 
23.795 ,146.417 
11.936 ,147.857 
0.000 ,148.338 
-11.936 ,147.857 
-23.795 ,146.417 
-35.500 ,144.028 
-46.974 ,140.704 
-58.144 ,136.468 
-68.936 ,131.347 
-79.282 ,125.374 
-89.113 ,118.588 
-98.366 ,111.033 
-106.982 ,102.757 
-114.903 ,93.816 
-122.080 ,84.266 
-128.465 ,74.169 
-134.016 ,63.591 
-138.699 ,52.601 
-142.481 ,41.270 
-145.340 ,29.671 
-147.257 ,17.880 
-148.218 ,5.973 
-148.218 ,-5.973 
-147.257 ,-17.880 
-145.340 ,-29.671 
-142.481 ,-41.270 
-138.699 ,-52.601 
-134.016 ,-63.591 
-128.465 ,-74.169 
-122.080 ,-84.266 
-114.903 ,-93.816 
-106.982 ,-102.757 
-98.366 ,-111.033 
-89.113 ,-118.588 
-79.282 ,-125.374 
-68.936 ,-131.347 
-58.144 ,-136.468 
-46.974 ,-140.704 
-35.500 ,-144.028 
-23.795 ,-146.417 
-11.936 ,-147.857 
0.000 ,-148.338 
11.936 ,-147.857 
23.795 ,-146.417 
35.500 ,-144.028 
46.974 ,-140.704 
58.144 ,-136.468 
68.936 ,-131.347 
79.282 ,-125.374 
89.113 ,-118.588 
98.366 ,-111.033 
106.982 ,-102.757 
114.903 ,-93.816 
122.080 ,-84.266 
128.465 ,-74.169 
134.016 ,-63.591 
138.699 ,-52.601 
142.481 ,-41.270 
145.340 ,-29.671 
147.257 ,-17.880 
148.218 ,-5.973 
161.325 ,12.697 
159.831 ,25.315 
157.352 ,37.777 
153.903 ,50.006 
149.505 ,61.927 
144.186 ,73.466 
137.977 ,84.552 
130.918 ,95.117 
123.051 ,105.096 
114.426 ,114.426 
105.096 ,123.051 
95.117 ,130.918 
84.552 ,137.977 
73.466 ,144.186 
61.927 ,149.505 
50.006 ,153.903 
37.777 ,157.352 
25.315 ,159.831 
12.697 ,161.325 
0.000 ,161.823 
-12.697 ,161.325 
-25.315 ,159.831 
-37.777 ,157.352 
-50.006 ,153.903 
-61.927 ,149.505 
-73.466 ,144.186 
-84.552 ,137.977 
-95.117 ,130.918 
-105.096 ,123.051 
-114.426 ,114.426 
-123.051 ,105.096 
-130.918 ,95.117 
-137.977 ,84.552 
-144.186 ,73.466 
-149.505 ,61.927 
-153.903 ,50.006 
-157.352 ,37.777 
-159.831 ,25.315 
-161.325 ,12.697 
-161.823 ,0.000 
-161.325 ,-12.697 
-159.831 ,-25.315 
-157.352 ,-37.777 
-153.903 ,-50.006 
-149.505 ,-61.927 
-144.186 ,-73.466 
-137.977 ,-84.552 
-130.918 ,-95.117 
-123.051 ,-105.096 
-114.426 ,-114.426 
-105.096 ,-123.051 
-95.117 ,-130.918 
-84.552 ,-137.977 
-73.466 ,-144.186 
-61.927 ,-149.505 
-50.006 ,-153.903 
-37.777 ,-157.352 
-25.315 ,-159.831 
-12.697 ,-161.325 
0.000 ,-161.823 
12.697 ,-161.325 
25.315 ,-159.831 
37.777 ,-157.352 
50.006 ,-153.903 
61.927 ,-149.505 
73.466 ,-144.186 
84.552 ,-137.977 
95.117 ,-130.918 
105.096 ,-123.051 
114.426 ,-114.426 
123.051 ,-105.096 
130.918 ,-95.117 
137.977 ,-84.552 
144.186 ,-73.466 
149.505 ,-61.927 
153.903 ,-50.006 
157.352 ,-37.777 
159.831 ,-25.315 
161.325 ,-12.697 
161.823 ,0.000 
175.186 ,6.555 
174.206 ,19.628 
172.252 ,32.592 
169.335 ,45.373 
165.471 ,57.901 
160.681 ,70.105 
154.993 ,81.916 
148.438 ,93.270 
141.053 ,104.102 
132.879 ,114.352 
123.962 ,123.962 
114.352 ,132.879 
104.102 ,141.053 
93.270 ,148.438 
81.916 ,154.993 
70.105 ,160.681 
57.901 ,165.471 
45.373 ,169.335 
32.592 ,172.252 
19.628 ,174.206 
6.555 ,175.186 
-6.555 ,175.186 
-19.628 ,174.206 
-32.592 ,172.252 
-45.373 ,169.335 
-57.901 ,165.471 
-70.105 ,160.681 
-81.916 ,154.993 
-93.270 ,148.438 
-104.102 ,141.053 
-114.352 ,132.879 
-123.962 ,123.962 
-132.879 ,114.352 
-141.053 ,104.102 
-148.438 ,93.270 
-154.993 ,81.916 
-160.681 ,70.105 
-165.471 ,57.901 
-169.335 ,45.373 
-172.252 ,32.592 
-174.206 ,19.628 
-175.186 ,6.555 
-175.186 ,-6.555 
-174.206 ,-19.628 
-172.252 ,-32.592 
-169.335 ,-45.373 
-165.471 ,-57.901 
-160.681 ,-70.105 
-154.993 ,-81.916 
-148.438 ,-93.270 
-141.053 ,-104.102 
-132.879 ,-114.352 
-123.962 ,-123.962 
-114.352 ,-132.879 
-104.102 ,-141.053 
-93.270 ,-148.438 
-81.916 ,-154.993 
-70.105 ,-160.681 
-57.901 ,-165.471 
-45.373 ,-169.335 
-32.592 ,-172.252 
-19.628 ,-174.206 
-6.555 ,-175.186 
6.555 ,-175.186 
19.628 ,-174.206 
32.592 ,-172.252 
45.373 ,-169.335 
57.901 ,-165.471 
70.105 ,-160.681 
81.916 ,-154.993 
93.270 ,-148.438 
104.102 ,-141.053 
114.352 ,-132.879 
123.962 ,-123.962 
132.879 ,-114.352 
141.053 ,-104.102 
148.438 ,-93.270 
154.993 ,-81.916 
160.681 ,-70.105 
165.471 ,-57.901 
169.335 ,-45.373 
172.252 ,-32.592 
174.206 ,-19.628 
175.186 ,-6.555 
188.390 ,12.348 
187.179 ,24.643 
185.166 ,36.832 
182.361 ,48.863 
178.775 ,60.686 
174.423 ,72.248 
169.324 ,83.501 
163.500 ,94.397 
156.976 ,104.888 
149.780 ,114.930 
141.943 ,124.480 
133.497 ,133.497 
124.480 ,141.943 
114.930 ,149.780 
104.888 ,156.976 
94.397 ,163.500 
83.501 ,169.324 
72.248 ,174.423 
60.686 ,178.775 
48.863 ,182.361 
36.832 ,185.166 
24.643 ,187.179 
12.348 ,188.390 
0.000 ,188.794 
-12.348 ,188.390 
-24.643 ,187.179 
-36.832 ,185.166 
-48.863 ,182.361 
-60.686 ,178.775 
-72.248 ,174.423 
-83.501 ,169.324 
-94.397 ,163.500 
-104.888 ,156.976 
-114.930 ,149.780 
-124.480 ,141.943 
-133.497 ,133.497 
-141.943 ,124.480 
-149.780 ,114.930 
-156.976 ,104.888 
-163.500 ,94.397 
-169.324 ,83.501 
-174.423 ,72.248 
-178.775 ,60.686 
-182.361 ,48.863 
-185.166 ,36.832 
-187.179 ,24.643 
-188.390 ,12.348 
-188.794 ,0.000 
-188.390 ,-12.348 
-187.179 ,-24.643 
-185.166 ,-36.832 
-182.361 ,-48.863 
-178.775 ,-60.686 
-174.423 ,-72.248 
-169.324 ,-83.501 
-163.500 ,-94.397 
-156.976 ,-104.888 
-149.780 ,-114.930 
-141.943 ,-124.480 
-133.497 ,-133.497 
-124.480 ,-141.943 
-114.930 ,-149.780 
-104.888 ,-156.976 
-94.397 ,-163.500 
-83.501 ,-169.324 
-72.248 ,-174.423 
-60.686 ,-178.775 
-48.863 ,-182.361 
-36.832 ,-185.166 
-24.643 ,-187.179 
-12.348 ,-188.390 
0.000 ,-188.794 
12.348 ,-188.390 
24.643 ,-187.179 
36.832 ,-185.166 
48.863 ,-182.361 
60.686 ,-178.775 
72.248 ,-174.423 
83.501 ,-169.324 
94.397 ,-163.500 
104.888 ,-156.976 
114.930 ,-149.780 
124.480 ,-141.943 
133.497 ,-133.497 
141.943 ,-124.480 
149.780 ,-114.930 
156.976 ,-104.888 
163.500 ,-94.397 
169.324 ,-83.501 
174.423 ,-72.248 
178.775 ,-60.686 
182.361 ,-48.863 
185.166 ,-36.832 
187.179 ,-24.643 
188.390 ,-12.348 
188.794 ,0.000 
202.179 ,6.354 
201.381 ,19.036 
199.789 ,31.643 
197.408 ,44.126 
194.247 ,56.434 
190.321 ,68.520 
185.643 ,80.335 
180.232 ,91.833 
174.110 ,102.969 
167.301 ,113.698 
159.832 ,123.978 
151.732 ,133.770 
143.033 ,143.033 
133.770 ,151.732 
123.978 ,159.832 
113.698 ,167.301 
102.969 ,174.110 
91.833 ,180.232 
80.335 ,185.643 
68.520 ,190.321 
56.434 ,194.247 
44.126 ,197.408 
31.643 ,199.789 
19.036 ,201.381 
6.354 ,202.179 
-6.354 ,202.179 
-19.036 ,201.381 
-31.643 ,199.789 
-44.126 ,197.408 
-56.434 ,194.247 
-68.520 ,190.321 
-80.335 ,185.643 
-91.833 ,180.232 
-102.969 ,174.110 
-113.698 ,167.301 
-123.978 ,159.832 
-133.770 ,151.732 
-143.033 ,143.033 
-151.732 ,133.770 
-159.832 ,123.978 
-167.301 ,113.698 
-174.110 ,102.969 
-180.232 ,91.833 
-185.643 ,80.335 
-190.321 ,68.520 
-194.247 ,56.434 
-197.408 ,44.126 
-199.789 ,31.643 
-201.381 ,19.036 
-202.179 ,6.354 
-202.179 ,-6.354 
-201.381 ,-19.036 
-199.789 ,-31.643 
-197.408 ,-44.126 
-194.247 ,-56.434 
-190.321 ,-68.520 
-185.643 ,-80.335 
-180.232 ,-91.833 
-174.110 ,-102.969 
-167.301 ,-113.698 
-159.832 ,-123.978 
-151.732 ,-133.770 
-143.033 ,-143.033 
-133.770 ,-151.732 
-123.978 ,-159.832 
-113.698 ,-167.301 
-102.969 ,-174.110 
-91.833 ,-180.232 
-80.335 ,-185.643 
-68.520 ,-190.321 
-56.434 ,-194.247 
-44.126 ,-197.408 
-31.643 ,-199.789 
-19.036 ,-201.381 
-6.354 ,-202.179 
6.354 ,-202.179 
19.036 ,-201.381 
31.643 ,-199.789 
44.126 ,-197.408 
56.434 ,-194.247 
68.520 ,-190.321 
80.335 ,-185.643 
91.833 ,-180.232 
102.969 ,-174.110 
113.698 ,-167.301 
123.978 ,-159.832 
133.770 ,-151.732 
143.033 ,-143.033 
151.732 ,-133.770 
159.832 ,-123.978 
167.301 ,-113.698 
174.110 ,-102.969 
180.232 ,-91.833 
185.643 ,-80.335 
190.321 ,-68.520 
194.247 ,-56.434 
197.408 ,-44.126 
199.789 ,-31.643 
201.381 ,-19.036 
202.179 ,-6.354 
215.363 ,13.154 
214.161 ,26.259 
212.161 ,39.266 
209.373 ,52.127 
205.806 ,64.794 
201.473 ,77.221 
196.390 ,89.360 
190.577 ,101.166 
184.055 ,112.596 
176.849 ,123.608 
168.984 ,134.159 
160.491 ,144.212 
151.401 ,153.727 
141.747 ,162.672 
131.567 ,171.010 
120.896 ,178.713 
109.776 ,185.751 
98.248 ,192.098 
86.354 ,197.730 
74.139 ,202.627 
61.648 ,206.770 
48.928 ,210.144 
36.026 ,212.736 
22.990 ,214.536 
9.868 ,215.539 
-3.290 ,215.739 
-16.437 ,215.138 
-29.522 ,213.735 
-42.497 ,211.538 
-55.314 ,208.554 
-67.925 ,204.794 
-80.284 ,200.272 
-92.344 ,195.005 
-104.061 ,189.012 
-115.390 ,182.317 
-126.290 ,174.943 
-136.721 ,166.919 
-146.642 ,158.273 
-156.018 ,149.039 
-164.814 ,139.250 
-172.997 ,128.943 
-180.536 ,118.157 
-187.404 ,106.931 
-193.574 ,95.307 
-199.024 ,83.329 
-203.734 ,71.041 
-207.686 ,58.488 
-210.865 ,45.718 
-213.260 ,32.778 
-214.862 ,19.715 
-215.664 ,6.580 
-215.664 ,-6.580 
-214.862 ,-19.715 
-213.260 ,-32.778 
-210.865 ,-45.718 
-207.686 ,-58.488 
-203.734 ,-71.041 
-199.024 ,-83.329 
-193.574 ,-95.307 
-187.404 ,-106.931 
-180.536 ,-118.157 
-172.997 ,-128.943 
-164.814 ,-139.250 
-156.018 ,-149.039 
-146.642 ,-158.273 
-136.721 ,-166.919 
-126.290 ,-174.943 
-115.390 ,-182.317 
-104.061 ,-189.012 
-92.344 ,-195.005 
-80.284 ,-200.272 
-67.925 ,-204.794 
-55.314 ,-208.554 
-42.497 ,-211.538 
-29.522 ,-213.735 
-16.437 ,-215.138 
-3.290 ,-215.739 
9.868 ,-215.539 
22.990 ,-214.536 
36.026 ,-212.736 
48.928 ,-210.144 
61.648 ,-206.770 
74.139 ,-202.627 
86.354 ,-197.730 
98.248 ,-192.098 
109.776 ,-185.751 
120.896 ,-178.713 
131.567 ,-171.010 
141.747 ,-162.672 
151.401 ,-153.727 
160.491 ,-144.212 
168.984 ,-134.159 
176.849 ,-123.608 
184.055 ,-112.596 
190.577 ,-101.166 
196.390 ,-89.360 
201.473 ,-77.221 
205.806 ,-64.794 
209.373 ,-52.127 
212.161 ,-39.266 
214.161 ,-26.259 
215.363 ,-13.154 
215.765 ,0.000 
229.134 ,7.274 
228.212 ,21.792 
226.370 ,36.222 
223.617 ,50.506 
219.964 ,64.587 
215.424 ,78.408 
210.018 ,91.913 
203.765 ,105.048 
196.693 ,117.760 
188.828 ,129.998 
180.203 ,141.713 
170.852 ,152.857 
160.813 ,163.385 
150.127 ,173.255 
138.836 ,182.428 
126.986 ,190.866 
114.625 ,198.536 
101.802 ,205.406 
88.570 ,211.450 
74.980 ,216.641 
61.089 ,220.961 
46.952 ,224.390 
32.626 ,226.916 
18.168 ,228.529 
3.637 ,229.221 
-10.908 ,228.990 
-25.410 ,227.837 
-39.809 ,225.767 
-54.048 ,222.788 
-68.069 ,218.911 
-81.816 ,214.153 
-95.234 ,208.533 
-108.268 ,202.073 
-120.866 ,194.799 
-132.978 ,186.741 
-144.554 ,177.931 
-155.548 ,168.405 
-165.916 ,158.200 
-175.616 ,147.359 
-184.608 ,135.924 
-192.857 ,123.942 
-200.330 ,111.460 
-206.996 ,98.530 
-212.828 ,85.204 
-217.804 ,71.534 
-221.902 ,57.576 
-225.107 ,43.386 
-227.405 ,29.021 
-228.788 ,14.540 
-229.250 ,0.000 
-228.788 ,-14.540 
-227.405 ,-29.021 
-225.107 ,-43.386 
-221.902 ,-57.576 
-217.804 ,-71.534 
-212.828 ,-85.204 
-206.996 ,-98.530 
-200.330 ,-111.460 
-192.857 ,-123.942 
-184.608 ,-135.924 
-175.616 ,-147.359 
-165.916 ,-158.200 
-155.548 ,-168.405 
-144.554 ,-177.931 
-132.978 ,-186.741 
-120.866 ,-194.799 
-108.268 ,-202.073 
-95.234 ,-208.533 
-81.816 ,-214.153 
-68.069 ,-218.911 
-54.048 ,-222.788 
-39.809 ,-225.767 
-25.410 ,-227.837 
-10.908 ,-228.990 
3.637 ,-229.221 
18.168 ,-228.529 
32.626 ,-226.916 
46.952 ,-224.390 
61.089 ,-220.961 
74.980 ,-216.641 
88.570 ,-211.450 
101.802 ,-205.406 
114.625 ,-198.536 
126.986 ,-190.866 
138.836 ,-182.428 
150.127 ,-173.255 
160.813 ,-163.385 
170.852 ,-152.857 
180.203 ,-141.713 
188.828 ,-129.998 
196.693 ,-117.760 
203.765 ,-105.048 
210.018 ,-91.913 
215.424 ,-78.408 
219.964 ,-64.587 
223.617 ,-50.506 
226.370 ,-36.222 
228.212 ,-21.792 
229.134 ,-7.274 
242.266 ,15.091 
240.859 ,30.123 
238.520 ,45.039 
235.259 ,59.781 
231.087 ,74.291 
226.021 ,88.514 
220.081 ,102.394 
213.290 ,115.878 
205.673 ,128.914 
197.261 ,141.452 
188.085 ,153.442 
178.182 ,164.838 
167.589 ,175.597 
156.348 ,185.676 
144.502 ,195.037 
132.097 ,203.643 
119.181 ,211.462 
105.804 ,218.462 
92.018 ,224.617 
77.876 ,229.904 
63.432 ,234.300 
48.743 ,237.791 
33.865 ,240.361 
18.857 ,242.002 
3.775 ,242.706 
-11.321 ,242.471 
-26.374 ,241.298 
-41.324 ,239.192 
-56.115 ,236.160 
-70.688 ,232.214 
-84.988 ,227.371 
-98.959 ,221.647 
-112.547 ,215.066 
-125.700 ,207.653 
-138.367 ,199.437 
-150.498 ,190.449 
-162.047 ,180.724 
-172.969 ,170.300 
-183.222 ,159.217 
-192.766 ,147.518 
-201.564 ,135.248 
-209.583 ,122.456 
-216.790 ,109.189 
-223.159 ,95.500 
-228.665 ,81.442 
-233.286 ,67.068 
-237.004 ,52.435 
-239.805 ,37.599 
-241.679 ,22.618 
-242.618 ,7.549 
-242.618 ,-7.549 
-241.679 ,-22.618 
-239.805 ,-37.599 
-237.004 ,-52.435 
-233.286 ,-67.068 
-228.665 ,-81.442 
-223.159 ,-95.500 
-216.790 ,-109.189 
-209.583 ,-122.456 
-201.564 ,-135.248 
-192.766 ,-147.518 
-183.222 ,-159.217 
-172.969 ,-170.300 
-162.047 ,-180.724 
-150.498 ,-190.449 
-138.367 ,-199.437 
-125.700 ,-207.653 
-112.547 ,-215.066 
-98.959 ,-221.647 
-84.988 ,-227.371 
-70.688 ,-232.214 
-56.115 ,-236.160 
-41.324 ,-239.192 
-26.374 ,-241.298 
-11.321 ,-242.471 
3.775 ,-242.706 
18.857 ,-242.002 
33.865 ,-240.361 
48.743 ,-237.791 
63.432 ,-234.300 
77.876 ,-229.904 
92.018 ,-224.617 
105.804 ,-218.462 
119.181 ,-211.462 
132.097 ,-203.643 
144.502 ,-195.037 
156.348 ,-185.676 
167.589 ,-175.597 
178.182 ,-164.838 
188.085 ,-153.442 
197.261 ,-141.452 
205.673 ,-128.914 
213.290 ,-115.878 
220.081 ,-102.394 
226.021 ,-88.514 
231.087 ,-74.291 
235.259 ,-59.781 
238.520 ,-45.039 
240.859 ,-30.123 
242.266 ,-15.091 
242.735 ,0.000 
256.121 ,7.122 
255.330 ,21.345 
253.749 ,35.502 
251.384 ,49.549 
248.241 ,63.443 
244.332 ,77.141 
239.667 ,90.601 
234.262 ,103.780 
228.132 ,116.639 
221.297 ,129.137 
213.779 ,141.236 
205.599 ,152.898 
196.784 ,164.088 
187.361 ,174.771 
177.358 ,184.913 
166.808 ,194.484 
155.741 ,203.454 
144.194 ,211.795 
132.201 ,219.481 
119.799 ,226.489 
107.026 ,232.796 
93.923 ,238.385 
80.530 ,243.236 
66.888 ,247.336 
53.039 ,250.671 
39.026 ,253.231 
24.892 ,255.008 
10.682 ,255.998 
-3.562 ,256.196 
-17.794 ,255.602 
-31.972 ,254.218 
-46.050 ,252.048 
-59.987 ,249.099 
-73.738 ,245.381 
-87.261 ,240.903 
-100.514 ,235.682 
-113.456 ,229.731 
-126.048 ,223.071 
-138.251 ,215.721 
-150.026 ,207.705 
-161.337 ,199.046 
-172.150 ,189.772 
-182.430 ,179.912 
-192.147 ,169.495 
-201.269 ,158.555 
-209.770 ,147.124 
-217.622 ,135.239 
-224.802 ,122.935 
-231.286 ,110.252 
-237.056 ,97.228 
-242.093 ,83.903 
-246.382 ,70.320 
-249.909 ,56.518 
-252.664 ,42.542 
-254.638 ,28.435 
-255.824 ,14.239 
-256.220 ,0.000 
-255.824 ,-14.239 
-254.638 ,-28.435 
-252.664 ,-42.542 
-249.909 ,-56.518 
-246.382 ,-70.320 
-242.093 ,-83.903 
-237.056 ,-97.228 
-231.286 ,-110.252 
-224.802 ,-122.935 
-217.622 ,-135.239 
-209.770 ,-147.124 
-201.269 ,-158.555 
-192.147 ,-169.495 
-182.430 ,-179.912 
-172.150 ,-189.772 
-161.337 ,-199.046 
-150.026 ,-207.705 
-138.251 ,-215.721 
-126.048 ,-223.071 
-113.456 ,-229.731 
-100.514 ,-235.682 
-87.261 ,-240.903 
-73.738 ,-245.381 
-59.987 ,-249.099 
-46.050 ,-252.048 
-31.972 ,-254.218 
-17.794 ,-255.602 
-3.562 ,-256.196 
10.682 ,-255.998 
24.892 ,-255.008 
39.026 ,-253.231 
53.039 ,-250.671 
66.888 ,-247.336 
80.530 ,-243.236 
93.923 ,-238.385 
107.026 ,-232.796 
119.799 ,-226.489 
132.201 ,-219.481 
144.194 ,-211.795 
155.741 ,-203.454 
166.808 ,-194.484 
177.358 ,-184.913 
187.361 ,-174.771 
196.784 ,-164.088 
205.599 ,-152.898 
213.779 ,-141.236 
221.297 ,-129.137 
228.132 ,-116.639 
234.262 ,-103.780 
239.667 ,-90.601 
244.332 ,-77.141 
248.241 ,-63.443 
251.384 ,-49.549 
253.749 ,-35.502 
255.330 ,-21.345 
256.121 ,-7.122 
269.281 ,15.123 
268.010 ,30.197 
265.895 ,45.177 
262.944 ,60.015 
259.165 ,74.664 
254.571 ,89.078 
249.176 ,103.212 
242.996 ,117.021 
236.053 ,130.462 
228.366 ,143.492 
219.961 ,156.071 
210.864 ,168.159 
201.104 ,179.717 
190.711 ,190.711 
179.717 ,201.104 
168.159 ,210.864 
156.071 ,219.961 
143.492 ,228.366 
130.462 ,236.053 
117.021 ,242.996 
103.212 ,249.176 
89.078 ,254.571 
74.664 ,259.165 
60.015 ,262.944 
45.177 ,265.895 
30.197 ,268.010 
15.123 ,269.281 
0.000 ,269.706 
-15.123 ,269.281 
-30.197 ,268.010 
-45.177 ,265.895 
-60.015 ,262.944 
-74.664 ,259.165 
-89.078 ,254.571 
-103.212 ,249.176 
-117.021 ,242.996 
-130.462 ,236.053 
-143.492 ,228.366 
-156.071 ,219.961 
-168.159 ,210.864 
-179.717 ,201.104 
-190.711 ,190.711 
-201.104 ,179.717 
-210.864 ,168.159 
-219.961 ,156.071 
-228.366 ,143.492 
-236.053 ,130.462 
-242.996 ,117.021 
-249.176 ,103.212 
-254.571 ,89.078 
-259.165 ,74.664 
-262.944 ,60.015 
-265.895 ,45.177 
-268.010 ,30.197 
-269.281 ,15.123 
-269.706 ,0.000 
-269.281 ,-15.123 
-268.010 ,-30.197 
-265.895 ,-45.177 
-262.944 ,-60.015 
-259.165 ,-74.664 
-254.571 ,-89.078 
-249.176 ,-103.212 
-242.996 ,-117.021 
-236.053 ,-130.462 
-228.366 ,-143.492 
-219.961 ,-156.071 
-210.864 ,-168.159 
-201.104 ,-179.717 
-190.711 ,-190.711 
-179.717 ,-201.104 
-168.159 ,-210.864 
-156.071 ,-219.961 
-143.492 ,-228.366 
-130.462 ,-236.053 
-117.021 ,-242.996 
-103.212 ,-249.176 
-89.078 ,-254.571 
-74.664 ,-259.165 
-60.015 ,-262.944 
-45.177 ,-265.895 
-30.197 ,-268.010 
-15.123 ,-269.281 
0.000 ,-269.706 
15.123 ,-269.281 
30.197 ,-268.010 
45.177 ,-265.895 
60.015 ,-262.944 
74.664 ,-259.165 
89.078 ,-254.571 
103.212 ,-249.176 
117.021 ,-242.996 
130.462 ,-236.053 
143.492 ,-228.366 
156.071 ,-219.961 
168.159 ,-210.864 
179.717 ,-201.104 
190.711 ,-190.711 
201.104 ,-179.717 
210.864 ,-168.159 
219.961 ,-156.071 
228.366 ,-143.492 
236.053 ,-130.462 
242.996 ,-117.021 
249.176 ,-103.212 
254.571 ,-89.078 
259.165 ,-74.664 
262.944 ,-60.015 
265.895 ,-45.177 
268.010 ,-30.197 
269.281 ,-15.123 
269.706 ,0.000 
283.067 ,8.392 
282.072 ,25.146 
280.087 ,41.812 
277.118 ,58.331 
273.176 ,74.645 
268.274 ,90.698 
262.430 ,106.431 
255.664 ,121.791 
248.000 ,136.722 
239.465 ,151.174 
230.089 ,165.094 
219.904 ,178.435 
208.948 ,191.149 
197.257 ,203.192 
184.873 ,214.520 
171.840 ,225.096 
158.204 ,234.880 
144.011 ,243.840 
129.313 ,251.943 
114.161 ,259.161 
98.608 ,265.469 
82.708 ,270.844 
66.518 ,275.268 
50.094 ,278.725 
33.494 ,281.203 
16.776 ,282.694 
0.000 ,283.191 
-16.776 ,282.694 
-33.494 ,281.203 
-50.094 ,278.725 
-66.518 ,275.268 
-82.708 ,270.844 
-98.608 ,265.469 
-114.161 ,259.161 
-129.313 ,251.943 
-144.011 ,243.840 
-158.204 ,234.880 
-171.840 ,225.096 
-184.873 ,214.520 
-197.257 ,203.192 
-208.948 ,191.149 
-219.904 ,178.435 
-230.089 ,165.094 
-239.465 ,151.174 
-248.000 ,136.722 
-255.664 ,121.791 
-262.430 ,106.431 
-268.274 ,90.698 
-273.176 ,74.645 
-277.118 ,58.331 
-280.087 ,41.812 
-282.072 ,25.146 
-283.067 ,8.392 
-283.067 ,-8.392 
-282.072 ,-25.146 
-280.087 ,-41.812 
-277.118 ,-58.331 
-273.176 ,-74.645 
-268.274 ,-90.698 
-262.430 ,-106.431 
-255.664 ,-121.791 
-248.000 ,-136.722 
-239.465 ,-151.174 
-230.089 ,-165.094 
-219.904 ,-178.435 
-208.948 ,-191.149 
-197.257 ,-203.192 
-184.873 ,-214.520 
-171.840 ,-225.096 
-158.204 ,-234.880 
-144.011 ,-243.840 
-129.313 ,-251.943 
-114.161 ,-259.161 
-98.608 ,-265.469 
-82.708 ,-270.844 
-66.518 ,-275.268 
-50.094 ,-278.725 
-33.494 ,-281.203 
-16.776 ,-282.694 
0.000 ,-283.191 
16.776 ,-282.694 
33.494 ,-281.203 
50.094 ,-278.725 
66.518 ,-275.268 
82.708 ,-270.844 
98.608 ,-265.469 
114.161 ,-259.161 
129.313 ,-251.943 
144.011 ,-243.840 
158.204 ,-234.880 
171.840 ,-225.096 
184.873 ,-214.520 
197.257 ,-203.192 
208.948 ,-191.149 
219.904 ,-178.435 
230.089 ,-165.094 
239.465 ,-151.174 
248.000 ,-136.722 
255.664 ,-121.791 
262.430 ,-106.431 
268.274 ,-90.698 
273.176 ,-74.645 
277.118 ,-58.331 
280.087 ,-41.812 
282.072 ,-25.146 
283.067 ,-8.392 
296.174 ,17.250 
294.670 ,34.442 
292.169 ,51.517 
288.679 ,68.418 
284.213 ,85.088 
278.784 ,101.469 
272.413 ,117.507 
265.120 ,133.148 
256.929 ,148.338 
247.869 ,163.026 
237.971 ,177.163 
227.267 ,190.700 
215.794 ,203.592 
203.592 ,215.794 
190.700 ,227.267 
177.163 ,237.971 
163.026 ,247.869 
148.338 ,256.929 
133.148 ,265.120 
117.507 ,272.413 
101.469 ,278.784 
85.088 ,284.213 
68.418 ,288.679 
51.517 ,292.169 
34.442 ,294.670 
17.250 ,296.174 
0.000 ,296.676 
-17.250 ,296.174 
-34.442 ,294.670 
-51.517 ,292.169 
-68.418 ,288.679 
-85.088 ,284.213 
-101.469 ,278.784 
-117.507 ,272.413 
-133.148 ,265.120 
-148.338 ,256.929 
-163.026 ,247.869 
-177.163 ,237.971 
-190.700 ,227.267 
-203.592 ,215.794 
-215.794 ,203.592 
-227.267 ,190.700 
-237.971 ,177.163 
-247.869 ,163.026 
-256.929 ,148.338 
-265.120 ,133.148 
-272.413 ,117.507 
-278.784 ,101.469 
-284.213 ,85.088 
-288.679 ,68.418 
-292.169 ,51.517 
-294.670 ,34.442 
-296.174 ,17.250 
-296.676 ,0.000 
-296.174 ,-17.250 
-294.670 ,-34.442 
-292.169 ,-51.517 
-288.679 ,-68.418 
-284.213 ,-85.088 
-278.784 ,-101.469 
-272.413 ,-117.507 
-265.120 ,-133.148 
-256.929 ,-148.338 
-247.869 ,-163.026 
-237.971 ,-177.163 
-227.267 ,-190.700 
-215.794 ,-203.592 
-203.592 ,-215.794 
-190.700 ,-227.267 
-177.163 ,-237.971 
-163.026 ,-247.869 
-148.338 ,-256.929 
-133.148 ,-265.120 
-117.507 ,-272.413 
-101.469 ,-278.784 
-85.088 ,-284.213 
-68.418 ,-288.679 
-51.517 ,-292.169 
-34.442 ,-294.670 
-17.250 ,-296.174 
0.000 ,-296.676 
17.250 ,-296.174 
34.442 ,-294.670 
51.517 ,-292.169 
68.418 ,-288.679 
85.088 ,-284.213 
101.469 ,-278.784 
117.507 ,-272.413 
133.148 ,-265.120 
148.338 ,-256.929 
163.026 ,-247.869 
177.163 ,-237.971 
190.700 ,-227.267 
203.592 ,-215.794 
215.794 ,-203.592 
227.267 ,-190.700 
237.971 ,-177.163 
247.869 ,-163.026 
256.929 ,-148.338 
265.120 ,-133.148 
272.413 ,-117.507 
278.784 ,-101.469 
284.213 ,-85.088 
288.679 ,-68.418 
292.169 ,-51.517 
294.670 ,-34.442 
296.174 ,-17.250 
296.676 ,0.000 
310.046 ,8.472 
309.120 ,25.391 
307.273 ,42.234 
304.508 ,58.951 
300.834 ,75.492 
296.263 ,91.807 
290.807 ,107.849 
284.484 ,123.569 
277.311 ,138.920 
269.311 ,153.856 
260.507 ,168.333 
250.926 ,182.308 
240.596 ,195.739 
229.548 ,208.586 
217.814 ,220.810 
205.431 ,232.375 
192.435 ,243.247 
178.864 ,253.393 
164.760 ,262.782 
150.163 ,271.387 
135.119 ,279.183 
119.671 ,286.145 
103.867 ,292.253 
87.752 ,297.489 
71.375 ,301.837 
54.786 ,305.285 
38.033 ,307.821 
21.166 ,309.438 
4.236 ,310.133 
-12.706 ,309.901 
-29.611 ,308.745 
-46.427 ,306.667 
-63.104 ,303.674 
-79.593 ,299.775 
-95.845 ,294.981 
-111.811 ,289.307 
-127.443 ,282.769 
-142.694 ,275.388 
-157.520 ,267.184 
-171.876 ,258.184 
-185.719 ,248.412 
-199.007 ,237.900 
-211.702 ,226.677 
-223.764 ,214.778 
-235.159 ,202.238 
-245.853 ,189.094 
-255.812 ,175.386 
-265.008 ,161.155 
-273.413 ,146.443 
-281.002 ,131.293 
-287.753 ,115.752 
-293.644 ,99.865 
-298.660 ,83.681 
-302.784 ,67.246 
-306.004 ,50.611 
-308.312 ,33.825 
-309.699 ,16.938 
-310.161 ,0.000 
-309.699 ,-16.938 
-308.312 ,-33.825 
-306.004 ,-50.611 
-302.784 ,-67.246 
-298.660 ,-83.681 
-293.644 ,-99.865 
-287.753 ,-115.752 
-281.002 ,-131.293 
-273.413 ,-146.443 
-265.008 ,-161.155 
-255.812 ,-175.386 
-245.853 ,-189.094 
-235.159 ,-202.238 
-223.764 ,-214.778 
-211.702 ,-226.677 
-199.007 ,-237.900 
-185.719 ,-248.412 
-171.876 ,-258.184 
-157.520 ,-267.184 
-142.694 ,-275.388 
-127.443 ,-282.769 
-111.811 ,-289.307 
-95.845 ,-294.981 
-79.593 ,-299.775 
-63.104 ,-303.674 
-46.427 ,-306.667 
-29.611 ,-308.745 
-12.706 ,-309.901 
4.236 ,-310.133 
21.166 ,-309.438 
38.033 ,-307.821 
54.786 ,-305.285 
71.375 ,-301.837 
87.752 ,-297.489 
103.867 ,-292.253 
119.671 ,-286.145 
135.119 ,-279.183 
150.163 ,-271.387 
164.760 ,-262.782 
178.864 ,-253.393 
192.435 ,-243.247 
205.431 ,-232.375 
217.814 ,-220.810 
229.548 ,-208.586 
240.596 ,-195.739 
250.926 ,-182.308 
260.507 ,-168.333 
269.311 ,-153.856 
277.311 ,-138.920 
284.484 ,-123.569 
290.807 ,-107.849 
296.263 ,-91.807 
300.834 ,-75.492 
304.508 ,-58.951 
307.273 ,-42.234 
309.120 ,-25.391 
310.046 ,-8.472 
323.275 ,15.517 
322.159 ,30.999 
320.302 ,46.409 
317.709 ,61.712 
314.385 ,76.874 
310.337 ,91.859 
305.576 ,106.632 
300.112 ,121.160 
293.958 ,135.410 
287.128 ,149.348 
279.637 ,162.942 
271.503 ,176.162 
262.745 ,188.977 
253.383 ,201.357 
243.437 ,213.274 
232.932 ,224.700 
221.891 ,235.609 
210.339 ,245.977 
198.304 ,255.779 
185.813 ,264.992 
172.894 ,273.596 
159.578 ,281.571 
145.894 ,288.898 
131.875 ,295.561 
117.553 ,301.544 
102.960 ,306.833 
88.131 ,311.416 
73.099 ,315.284 
57.898 ,318.426 
42.565 ,320.836 
27.134 ,322.507 
11.640 ,323.437 
-3.881 ,323.623 
-19.392 ,323.065 
-34.859 ,321.764 
-50.246 ,319.723 
-65.517 ,316.946 
-80.638 ,313.440 
-95.573 ,309.214 
-110.288 ,304.276 
-124.750 ,298.638 
-138.925 ,292.313 
-152.780 ,285.317 
-166.284 ,277.663 
-179.405 ,269.372 
-192.114 ,260.460 
-204.380 ,250.950 
-216.177 ,240.862 
-227.477 ,230.221 
-238.253 ,219.050 
-248.481 ,207.375 
-258.138 ,195.223 
-267.201 ,182.622 
-275.650 ,169.601 
-283.464 ,156.190 
-290.627 ,142.420 
-297.121 ,128.322 
-302.931 ,113.929 
-308.045 ,99.274 
-312.451 ,84.391 
-316.137 ,69.313 
-319.097 ,54.076 
-321.323 ,38.715 
-322.810 ,23.265 
-323.554 ,7.761 
-323.554 ,-7.761 
-322.810 ,-23.265 
-321.323 ,-38.715 
-319.097 ,-54.076 
-316.137 ,-69.313 
-312.451 ,-84.391 
-308.045 ,-99.274 
-302.931 ,-113.929 
-297.121 ,-128.322 
-290.627 ,-142.420 
-283.464 ,-156.190 
-275.650 ,-169.601 
-267.201 ,-182.622 
-258.138 ,-195.223 
-248.481 ,-207.375 
-238.253 ,-219.050 
-227.477 ,-230.221 
-216.177 ,-240.862 
-204.380 ,-250.950 
-192.114 ,-260.460 
-179.405 ,-269.372 
-166.284 ,-277.663 
-152.780 ,-285.317 
-138.925 ,-292.313 
-124.750 ,-298.638 
-110.288 ,-304.276 
-95.573 ,-309.214 
-80.638 ,-313.440 
-65.517 ,-316.946 
-50.246 ,-319.723 
-34.859 ,-321.764 
-19.392 ,-323.065 
-3.881 ,-323.623 
11.640 ,-323.437 
27.134 ,-322.507 
42.565 ,-320.836 
57.898 ,-318.426 
73.099 ,-315.284 
88.131 ,-311.416 
102.960 ,-306.833 
117.553 ,-301.544 
131.875 ,-295.561 
145.894 ,-288.898 
159.578 ,-281.571 
172.894 ,-273.596 
185.813 ,-264.992 
198.304 ,-255.779 
210.339 ,-245.977 
221.891 ,-235.609 
232.932 ,-224.700 
243.437 ,-213.274 
253.383 ,-201.357 
262.745 ,-188.977 
271.503 ,-176.162 
279.637 ,-162.942 
287.128 ,-149.348 
293.958 ,-135.410 
300.112 ,-121.160 
305.576 ,-106.632 
310.337 ,-91.859 
314.385 ,-76.874 
317.709 ,-61.712 
320.302 ,-46.409 
322.159 ,-30.999 
323.275 ,-15.517 
323.647 ,0.000 
337.032 ,8.210 
336.233 ,24.609 
334.636 ,40.950 
332.245 ,57.194 
329.066 ,73.303 
325.107 ,89.237 
320.377 ,104.960 
314.887 ,120.434 
308.650 ,135.622 
301.681 ,150.489 
293.996 ,164.998 
285.614 ,179.117 
276.554 ,192.810 
266.839 ,206.046 
256.490 ,218.794 
245.534 ,231.022 
233.995 ,242.703 
221.901 ,253.807 
209.280 ,264.310 
196.163 ,274.186 
182.581 ,283.412 
168.566 ,291.965 
154.151 ,299.826 
139.370 ,306.975 
124.259 ,313.397 
108.853 ,319.075 
93.189 ,323.997 
77.304 ,328.149 
61.236 ,331.524 
45.022 ,334.112 
28.701 ,335.908 
12.313 ,336.907 
-4.105 ,337.107 
-20.513 ,336.507 
-36.873 ,335.110 
-53.144 ,332.917 
-69.290 ,329.935 
-85.272 ,326.170 
-101.051 ,321.631 
-116.591 ,316.330 
-131.854 ,310.278 
-146.804 ,303.491 
-161.406 ,295.983 
-175.626 ,287.774 
-189.428 ,278.881 
-202.782 ,269.328 
-215.654 ,259.136 
-228.015 ,248.329 
-239.835 ,236.933 
-251.087 ,224.975 
-261.742 ,212.483 
-271.777 ,199.487 
-281.167 ,186.019 
-289.891 ,172.109 
-297.926 ,157.790 
-305.256 ,143.098 
-311.861 ,128.066 
-317.726 ,112.730 
-322.838 ,97.127 
-327.184 ,81.294 
-330.754 ,65.268 
-333.539 ,49.087 
-335.534 ,32.789 
-336.732 ,16.414 
-337.132 ,0.000 
-336.732 ,-16.414 
-335.534 ,-32.789 
-333.539 ,-49.087 
-330.754 ,-65.268 
-327.184 ,-81.294 
-322.838 ,-97.127 
-317.726 ,-112.730 
-311.861 ,-128.066 
-305.256 ,-143.098 
-297.926 ,-157.790 
-289.891 ,-172.109 
-281.167 ,-186.019 
-271.777 ,-199.487 
-261.742 ,-212.483 
-251.087 ,-224.975 
-239.835 ,-236.933 
-228.015 ,-248.329 
-215.654 ,-259.136 
-202.782 ,-269.328 
-189.428 ,-278.881 
-175.626 ,-287.774 
-161.406 ,-295.983 
-146.804 ,-303.491 
-131.854 ,-310.278 
-116.591 ,-316.330 
-101.051 ,-321.631 
-85.272 ,-326.170 
-69.290 ,-329.935 
-53.144 ,-332.917 
-36.873 ,-335.110 
-20.513 ,-336.507 
-4.105 ,-337.107 
12.313 ,-336.907 
28.701 ,-335.908 
45.022 ,-334.112 
61.236 ,-331.524 
77.304 ,-328.149 
93.189 ,-323.997 
108.853 ,-319.075 
124.259 ,-313.397 
139.370 ,-306.975 
154.151 ,-299.826 
168.566 ,-291.965 
182.581 ,-283.412 
196.163 ,-274.186 
209.280 ,-264.310 
221.901 ,-253.807 
233.995 ,-242.703 
245.534 ,-231.022 
256.490 ,-218.794 
266.839 ,-206.046 
276.554 ,-192.810 
285.614 ,-179.117 
293.996 ,-164.998 
301.681 ,-150.489 
308.650 ,-135.622 
314.887 ,-120.434 
320.377 ,-104.960 
325.107 ,-89.237 
329.066 ,-73.303 
332.245 ,-57.194 
334.636 ,-40.950 
336.233 ,-24.609 
337.032 ,-8.210 
